sprint_name,start_date,end_date,story_points_committed,story_points_completed,team_size,blockers,notes
Sprint 1 - Foundation,2024-01-01,2024-01-14,21,18,5,2,Initial setup and core features
Sprint 2 - Authentication,2024-01-15,2024-01-28,25,22,5,1,User auth and security implementation
Sprint 3 - Dashboard,2024-01-29,2024-02-11,23,20,5,3,Main dashboard and analytics
Sprint 4 - Sprint Management,2024-02-12,2024-02-25,27,25,5,1,CRUD operations for sprints
Sprint 5 - AI Integration,2024-02-26,2024-03-11,24,21,5,2,AI forecasting and recommendations
Sprint 6 - Charts & Visualization,2024-03-12,2024-03-25,26,24,5,1,Velocity and burndown charts
Sprint 7 - Data Import,2024-03-26,2024-04-08,22,19,5,2,CSV import functionality
Sprint 8 - Team Management,2024-04-09,2024-04-22,25,23,5,1,User and team management features
Sprint 9 - Performance Optimization,2024-04-23,2024-05-06,20,18,5,0,Code optimization and bug fixes
Sprint 10 - Testing & Polish,2024-05-07,2024-05-20,24,22,5,1,Final testing and UI polish
Sprint 11 - Mobile Responsive,2024-05-21,2024-06-03,23,21,5,2,Mobile responsiveness improvements
Sprint 12 - Advanced Features,2024-06-04,2024-06-17,28,25,5,3,Advanced analytics and reporting
Sprint 13 - Integration Testing,2024-06-18,2024-07-01,21,19,5,1,End-to-end testing and integration
Sprint 14 - Documentation,2024-07-02,2024-07-15,19,17,5,0,User guides and API documentation
Sprint 15 - Launch Preparation,2024-07-16,2024-07-29,26,24,5,1,Production deployment and monitoring
